,state,age
1,New South Wales,53.5935085007728
3,Queensland,51.1528384279476
2,Northern Territory,48.882797731569
4,South Australia,48.59470752089136
5,Tasmania,48.18771331058021
0,Australian Capital Territory,48.02194357366771
7,Western Australia,46.8046357615894
6,Victoria,44.14382402707276
