,OD_monthName,total_revenue
5,June,202.5109780439122
2,February,203.59743040685225
0,April,204.03765690376568
4,July,204.7283950617284
7,May,205.2685851318945
3,January,206.8162911611785
6,March,206.8724409448819
1,August,207.05940594059405
9,September,210.75545851528383
8,October,213.33164556962026
